,Location_A,Location_B,Path Cost(KM)
0,Rayer Bazar,A,0.40958790293027125
1,A,B,0.009668975124229139
2,B,C,0.41305312631438906
3,C,D,0.47233266697542103
4,D,E,0.12460103709072
5,E,F,0.9059099628608953
6,F,G,0.2220203586536073
7,G,H,1.5144961675667254
8,H,I,0.2326009290791598
9,I,UAP,0.2736796879282156
10,Rayer Bazar,P,0.30576841014184286
11,P,Q,0.7501990660106809
12,Q,R,0.5730082784773147
13,R,S,0.43305629084865566
14,S,T,0.3842204074633529
15,T,U,0.6121674365421983
16,U,UAP,0.44834399020045895
